t_low,t_high,approve_rate,review_rate,reject_rate,approve_observed_default_rate,review_observed_default_rate,reject_observed_default_rate,nonrejected_observed_default_rate,approve_avg_pd,review_avg_pd,reject_avg_pd,risk_proxy_nonrejected,risk_proxy_approved_only
0.02,0.15,0.0,0.6969778268760357,0.30302217312396434,,0.056810977266551946,0.5180459351075465,0.056810977266551946,,0.05584937235751234,0.5230727691514485,33104949.831592906,0.0
0.02,0.18,0.0,0.7333070306951788,0.2666929693048213,,0.06473550553092584,0.5590863364696136,0.06473550553092584,,0.061222835274973575,0.5719434083310972,38408576.265189886,0.0
0.02,0.21,0.0,0.7599936873668429,0.2400063126331571,,0.07060240463484022,0.5954760652288269,0.07060240463484022,,0.06590478247730396,0.6139055307413603,43091541.941998646,0.0
0.02,0.24,0.0,0.7799731713090823,0.2200268286909177,,0.07567326953038059,0.6251613828718978,0.07567326953038059,,0.06997456062035462,0.649239650820137,47188023.798885435,0.0
0.02,0.27,0.0,0.7975696362345143,0.20243036376548568,,0.08049388578891131,0.6539331098464177,0.08049388578891131,,0.07404779833737322,0.6835444210571426,51643287.099809326,0.0
0.02,0.3,0.0,0.8137299771167048,0.1862700228832952,,0.08517900779643924,0.6832161314919936,0.08517900779643924,,0.07822095025701545,0.7181922633332125,56346319.210990235,0.0
0.02,0.33,0.0,0.8270969778268761,0.17290302217312398,,0.08899234864240875,0.7112084702446149,0.08899234864240875,,0.08203919447654276,0.7494030465455466,60543171.54211727,0.0
0.02,0.36,0.0,0.8377495462794918,0.16225045372050817,,0.09247607565368096,0.7340725610349188,0.09247607565368096,,0.08537532549065038,0.7759933997596004,64318796.44304125,0.0
0.02,0.39,0.0,0.8474552197585418,0.1525447802414582,,0.09555112758151921,0.7578108835092076,0.09555112758151921,,0.08868548429159363,0.8015445996585817,68216867.99789001,0.0
0.02,0.42,0.0,0.8558983666061706,0.1441016333938294,,0.09816720138658407,0.7810754572335998,0.09816720138658407,,0.0918052636087662,0.8247820890062765,71968096.14267978,0.0
0.02,0.45,0.0,0.8627002288329519,0.13729977116704806,,0.10052135735845605,0.8001149425287356,0.10052135735845605,,0.09451412367415721,0.8440732586926819,75242875.73316982,0.0
0.02,0.48,0.0,0.8693600568136984,0.1306399431863016,,0.10272841142193258,0.8210920512201014,0.10272841142193258,,0.09735240301147059,0.863396967453643,78779657.57180771,0.0
0.02,0.51,0.0,0.8753728398958416,0.12462716010415845,,0.10496141919665393,0.8400658477903001,0.10496141919665393,,0.10008166404972976,0.8811855362496804,82150934.90759474,0.0
0.02,0.54,0.0,0.8809910834056656,0.11900891659433441,,0.10701490398394956,0.859567696591964,0.10701490398394956,,0.10279112181923943,0.898002962052369,85343514.12337168,0.0
0.02,0.57,0.0,0.8863568215892054,0.1136431784107946,,0.10903781781924364,0.8793223163449521,0.10903781781924364,,0.10552987200454153,0.9141886113055224,88523711.89533772,0.0
0.02,0.6,0.0,0.8907914463820721,0.10920855361792788,,0.11081583842678713,0.8960982658959538,0.11081583842678713,,0.10791439367579497,0.9275757182433366,91462793.7458159,0.0
0.02,0.63,0.0,0.8951945080091533,0.10480549199084668,,0.11273887596079261,0.9126637554585153,0.11273887596079261,,0.11040599582093757,0.940729139335533,94456492.80155282,0.0
0.04,0.15,0.3608143296772666,0.33616349719876903,0.30302217312396434,0.0012684249661024363,0.1164264588516971,0.5180459351075465,0.056810977266551946,0.030755040980388886,0.08278386830958845,0.5230727691514485,33104949.831592906,9741640.513023209
0.04,0.18,0.3608143296772666,0.3724927010179121,0.2666929693048213,0.0012684249661024363,0.1262127695631911,0.5590863364696136,0.06473550553092584,0.030755040980388886,0.09073540490413468,0.5719434083310972,38408576.265189886,9741640.513023209
0.04,0.21,0.3608143296772666,0.39917935768957624,0.2400063126331571,0.0012684249661024363,0.13327271289633905,0.5954760652288269,0.07060240463484022,0.030755040980388886,0.09767629112931508,0.6139055307413603,43091541.941998646,9741640.513023209
0.04,0.24,0.3608143296772666,0.41915884163181566,0.2200268286909177,0.0012684249661024363,0.13972138554216867,0.6251613828718978,0.07567326953038059,0.030755040980388886,0.10373494757549533,0.649239650820137,47188023.798885435,9741640.513023209
0.04,0.27,0.3608143296772666,0.4367553065572477,0.20243036376548568,0.0012684249661024363,0.14594399277326106,0.6539331098464177,0.08049388578891131,0.030755040980388886,0.10981301284334369,0.6835444210571426,51643287.099809326,9741640.513023209
0.04,0.3,0.3608143296772666,0.4529156474394382,0.1862700228832952,0.0012684249661024363,0.152026203003589,0.6832161314919936,0.08517900779643924,0.030755040980388886,0.11603457037588764,0.7181922633332125,56346319.210990235,9741640.513023209
0.04,0.33,0.3608143296772666,0.4662826481496094,0.17290302217312398,0.0012684249661024363,0.15687402694104108,0.7112084702446149,0.08899234864240875,0.030755040980388886,0.1217234021995024,0.7494030465455466,60543171.54211727,9741640.513023209
0.04,0.36,0.3608143296772666,0.4769352166022252,0.16225045372050817,0.0012684249661024363,0.16147711855994176,0.7340725610349188,0.09247607565368096,0.030755040980388886,0.12669704101158313,0.7759933997596004,64318796.44304125,9741640.513023209
0.04,0.39,0.3608143296772666,0.48664089008127515,0.1525447802414582,0.0012684249661024363,0.1654559605655727,0.7578108835092076,0.09555112758151921,0.030755040980388886,0.13163734981968006,0.8015445996585817,68216867.99789001,9741640.513023209
0.04,0.42,0.3608143296772666,0.49508403692890396,0.1441016333938294,0.0012684249661024363,0.1687864588314048,0.7810754572335998,0.09816720138658407,0.030755040980388886,0.13629830622623426,0.8247820890062765,71968096.14267978,9741640.513023209
0.04,0.45,0.3608143296772666,0.5018858991556853,0.13729977116704806,0.0012684249661024363,0.1718759826426011,0.8001149425287356,0.10052135735845605,0.030755040980388886,0.14035161526674966,0.8440732586926819,75242875.73316982,9741640.513023209
0.04,0.48,0.3608143296772666,0.5085457271364318,0.1306399431863016,0.0012684249661024363,0.174714498510427,0.8210920512201014,0.10272841142193258,0.030755040980388886,0.14460338017497051,0.863396967453643,78779657.57180771,9741640.513023209
0.04,0.51,0.3608143296772666,0.5145585102185749,0.12462716010415845,0.0012684249661024363,0.1776721361754332,0.8400658477903001,0.10496141919665393,0.030755040980388886,0.14869428736622542,0.8811855362496804,82150934.90759474,9741640.513023209
0.04,0.54,0.3608143296772666,0.520176753728399,0.11900891659433441,0.0012684249661024363,0.1803646734018992,0.859567696591964,0.10701490398394956,0.030755040980388886,0.15275808023126092,0.898002962052369,85343514.12337168,9741640.513023209
0.04,0.57,0.3608143296772666,0.5255424919119388,0.1136431784107946,0.0012684249661024363,0.18302753671060928,0.8793223163449521,0.10903781781924364,0.030755040980388886,0.1568669778483661,0.9141886113055224,88523711.89533772,9741640.513023209
0.04,0.6,0.3608143296772666,0.5299771167048055,0.10920855361792788,0.0012684249661024363,0.18539693883628133,0.8960982658959538,0.11081583842678713,0.030755040980388886,0.1604453412273127,0.9275757182433366,91462793.7458159,9741640.513023209
0.04,0.63,0.3608143296772666,0.5343801783318867,0.10480549199084668,0.0012684249661024363,0.18800389829006822,0.9126637554585153,0.11273887596079261,0.030755040980388886,0.16418644473028648,0.940729139335533,94456492.80155282,9741640.513023209
0.06,0.15,0.45218969462637104,0.24478813224966464,0.30302217312396434,0.012668830488954036,0.1383534266004771,0.5180459351075465,0.056810977266551946,0.03477436464840257,0.09478059509551261,0.5230727691514485,33104949.831592906,13624558.7466596
0.06,0.18,0.45218969462637104,0.2811173360688077,0.2666929693048213,0.012668830488954036,0.14848706001235054,0.5590863364696136,0.06473550553092584,0.03477436464840257,0.1037663725153676,0.5719434083310972,38408576.265189886,13624558.7466596
0.06,0.21,0.45218969462637104,0.3078039927404719,0.2400063126331571,0.012668830488954036,0.15571164889253486,0.5954760652288269,0.07060240463484022,0.03477436464840257,0.11163795834130681,0.6139055307413603,43091541.941998646,13624558.7466596
0.06,0.24,0.45218969462637104,0.3277834766827113,0.2200268286909177,0.012668830488954036,0.1625902744342802,0.6251613828718978,0.07567326953038059,0.03477436464840257,0.11853456135142551,0.649239650820137,47188023.798885435,13624558.7466596
0.06,0.27,0.45218969462637104,0.3453799416081433,0.20243036376548568,0.012668830488954036,0.16929403701165183,0.6539331098464177,0.08049388578891131,0.03477436464840257,0.12546665579636687,0.6835444210571426,51643287.099809326,13624558.7466596
0.06,0.3,0.45218969462637104,0.36154028249033376,0.1862700228832952,0.012668830488954036,0.17586974551486315,0.6832161314919936,0.08517900779643924,0.03477436464840257,0.13256094839938679,0.7181922633332125,56346319.210990235,13624558.7466596
0.06,0.33,0.45218969462637104,0.37490728320050504,0.17290302217312398,0.012668830488954036,0.18104899814783634,0.7112084702446149,0.08899234864240875,0.03477436464840257,0.1390470732888723,0.7494030465455466,60543171.54211727,13624558.7466596
0.06,0.36,0.45218969462637104,0.3855598516531208,0.16225045372050817,0.012668830488954036,0.1860750685604355,0.7340725610349188,0.09247607565368096,0.03477436464840257,0.1447208017713154,0.7759933997596004,64318796.44304125,13624558.7466596
0.06,0.39,0.45218969462637104,0.3952655251321708,0.1525447802414582,0.012668830488954036,0.19036971971572306,0.7578108835092076,0.09555112758151921,0.03477436464840257,0.15036061449746893,0.8015445996585817,68216867.99789001,13624558.7466596
0.06,0.42,0.45218969462637104,0.4037086719797996,0.1441016333938294,0.012668830488954036,0.19393299714631954,0.7810754572335998,0.09816720138658407,0.03477436464840257,0.15568495353141582,0.8247820890062765,71968096.14267978,13624558.7466596
0.06,0.45,0.45218969462637104,0.4105105342065809,0.13729977116704806,0.012668830488954036,0.19729355681992927,0.8001149425287356,0.10052135735845605,0.03477436464840257,0.16031926420025852,0.8440732586926819,75242875.73316982,13624558.7466596
0.06,0.48,0.45218969462637104,0.4171703621873274,0.1306399431863016,0.012668830488954036,0.20034803661950518,0.8210920512201014,0.10272841142193258,0.03477436464840257,0.16518354976251046,0.863396967453643,78779657.57180771,13624558.7466596
0.06,0.51,0.45218969462637104,0.42318314526947054,0.12462716010415845,0.012668830488954036,0.2035800857728883,0.8400658477903001,0.10496141919665393,0.03477436464840257,0.1698653690561153,0.8811855362496804,82150934.90759474,13624558.7466596
0.06,0.54,0.45218969462637104,0.4288013887792946,0.11900891659433441,0.012668830488954036,0.2065069375437047,0.859567696591964,0.10701490398394956,0.03477436464840257,0.17451774738384834,0.898002962052369,85343514.12337168,13624558.7466596
0.06,0.57,0.45218969462637104,0.4341671269628344,0.1136431784107946,0.012668830488954036,0.20940714623241613,0.8793223163449521,0.10903781781924364,0.03477436464840257,0.1792224877682524,0.9141886113055224,88523711.89533772,13624558.7466596
0.06,0.6,0.45218969462637104,0.4386017517557011,0.10920855361792788,0.012668830488954036,0.21200345423143352,0.8960982658959538,0.11081583842678713,0.03477436464840257,0.18332031090815948,0.9275757182433366,91462793.7458159,13624558.7466596
0.06,0.63,0.45218969462637104,0.4430048133827823,0.10480549199084668,0.012668830488954036,0.2148836877916711,0.9126637554585153,0.11273887596079261,0.03477436464840257,0.1876057082639088,0.940729139335533,94456492.80155282,13624558.7466596
0.08,0.15,0.5416712696283438,0.15530655724769193,0.30302217312396434,0.028056988025522245,0.15709785590895234,0.5180459351075465,0.056810977266551946,0.040493170721596077,0.10940804614569992,0.5230727691514485,33104949.831592906,18674940.163066417
0.08,0.18,0.5416712696283438,0.191635761066835,0.2666929693048213,0.028056988025522245,0.16840978341431279,0.5590863364696136,0.06473550553092584,0.040493170721596077,0.11981661576295645,0.5719434083310972,38408576.265189886,18674940.163066417
0.08,0.21,0.5416712696283438,0.21832241773849917,0.2400063126331571,0.028056988025522245,0.17616018505132283,0.5954760652288269,0.07060240463484022,0.040493170721596077,0.12895254525677208,0.6139055307413603,43091541.941998646,18674940.163066417
0.08,0.24,0.5416712696283438,0.2383019016807386,0.2200268286909177,0.028056988025522245,0.18390728476821191,0.6251613828718978,0.07567326953038059,0.040493170721596077,0.1369871265471818,0.649239650820137,47188023.798885435,18674940.163066417
0.08,0.27,0.5416712696283438,0.2558983666061706,0.20243036376548568,0.028056988025522245,0.19148936170212766,0.6539331098464177,0.08049388578891131,0.040493170721596077,0.14507434682064912,0.6835444210571426,51643287.099809326,18674940.163066417
0.08,0.3,0.5416712696283438,0.2720587074883611,0.1862700228832952,0.028056988025522245,0.19890944950403155,0.6832161314919936,0.08517900779643924,0.040493170721596077,0.15333728977753283,0.7181922633332125,56346319.210990235,18674940.163066417
0.08,0.33,0.5416712696283438,0.2854257081985323,0.17290302217312398,0.028056988025522245,0.20463341811345792,0.7112084702446149,0.08899234864240875,0.040493170721596077,0.16088383526726677,0.7494030465455466,60543171.54211727,18674940.163066417
0.08,0.36,0.5416712696283438,0.2960782766511481,0.16225045372050817,0.028056988025522245,0.21032993976866904,0.7340725610349188,0.09247607565368096,0.040493170721596077,0.16748663075893305,0.7759933997596004,64318796.44304125,18674940.163066417
0.08,0.39,0.5416712696283438,0.30578395013019805,0.1525447802414582,0.028056988025522245,0.21511147811725848,0.7578108835092076,0.09555112758151921,0.040493170721596077,0.17405422802936332,0.8015445996585817,68216867.99789001,18674940.163066417
0.08,0.42,0.5416712696283438,0.31422709697782686,0.1441016333938294,0.028056988025522245,0.2190246597358244,0.7810754572335998,0.09816720138658407,0.040493170721596077,0.18025812705943875,0.8247820890062765,71968096.14267978,18674940.163066417
0.08,0.45,0.5416712696283438,0.3210289592046082,0.13729977116704806,0.028056988025522245,0.22279028610756071,0.8001149425287356,0.10052135735845605,0.040493170721596077,0.1856635272820009,0.8440732586926819,75242875.73316982,18674940.163066417
0.08,0.48,0.5416712696283438,0.3276887871853547,0.1306399431863016,0.028056988025522245,0.22616066268541707,0.8210920512201014,0.10272841142193258,0.040493170721596077,0.19134100972912435,0.863396967453643,78779657.57180771,18674940.163066417
0.08,0.51,0.5416712696283438,0.3337015702674978,0.12462716010415845,0.028056988025522245,0.2297942776069993,0.8400658477903001,0.10496141919665393,0.040493170721596077,0.19680693510678973,0.8811855362496804,82150934.90759474,18674940.163066417
0.08,0.54,0.5416712696283438,0.33931981377732184,0.11900891659433441,0.028056988025522245,0.23305892749174456,0.859567696591964,0.10701490398394956,0.040493170721596077,0.20224010444908982,0.898002962052369,85343514.12337168,18674940.163066417
0.08,0.57,0.5416712696283438,0.34468555196086165,0.1136431784107946,0.028056988025522245,0.23629870427178243,0.8793223163449521,0.10903781781924364,0.040493170721596077,0.20773465649859113,0.9141886113055224,88523711.89533772,18674940.163066417
0.08,0.6,0.5416712696283438,0.3491201767537284,0.10920855361792788,0.028056988025522245,0.23921887713588283,0.8960982658959538,0.11081583842678713,0.040493170721596077,0.2125206062902498,0.9275757182433366,91462793.7458159,18674940.163066417
0.08,0.63,0.5416712696283438,0.35352323838080957,0.10480549199084668,0.028056988025522245,0.24248917459042008,0.9126637554585153,0.11273887596079261,0.040493170721596077,0.21752701255611445,0.940729139335533,94456492.80155282,18674940.163066417
0.1,0.15,0.6026986506746627,0.094279176201373,0.30302217312396434,0.03815134852055512,0.17609641781051222,0.5180459351075465,0.056810977266551946,0.04543373378980312,0.12243344281295508,0.5230727691514485,33104949.831592906,23152511.935057446
0.1,0.18,0.6026986506746627,0.13060838002051606,0.2666929693048213,0.03815134852055512,0.1874093765103915,0.5590863364696136,0.06473550553092584,0.04543373378980312,0.13408240338984304,0.5719434083310972,38408576.265189886,23152511.935057446
0.1,0.21,0.6026986506746627,0.15729503669218023,0.2400063126331571,0.03815134852055512,0.19494331293267783,0.5954760652288269,0.07060240463484022,0.04543373378980312,0.14434256208758361,0.6139055307413603,43091541.941998646,23152511.935057446
0.1,0.24,0.6026986506746627,0.17727452063441962,0.2200268286909177,0.03815134852055512,0.20324045223893883,0.6251613828718978,0.07567326953038059,0.04543373378980312,0.1534085654862642,0.649239650820137,47188023.798885435,23152511.935057446
0.1,0.27,0.6026986506746627,0.19487098555985166,0.20243036376548568,0.03815134852055512,0.21145124716553287,0.6539331098464177,0.08049388578891131,0.04543373378980312,0.16254562187735558,0.6835444210571426,51643287.099809326,23152511.935057446
0.1,0.3,0.6026986506746627,0.21103132644204214,0.1862700228832952,0.03815134852055512,0.2194884833981454,0.6832161314919936,0.08517900779643924,0.04543373378980312,0.17186018125333904,0.7181922633332125,56346319.210990235,23152511.935057446
0.1,0.33,0.6026986506746627,0.22439832715221336,0.17290302217312398,0.03815134852055512,0.22554328715099514,0.7112084702446149,0.08899234864240875,0.04543373378980312,0.18035571066098516,0.7494030465455466,60543171.54211727,23152511.935057446
0.1,0.36,0.6026986506746627,0.23505089560482917,0.16225045372050817,0.03815134852055512,0.23177118302672217,0.7340725610349188,0.09247607565368096,0.04543373378980312,0.18779035080657341,0.7759933997596004,64318796.44304125,23152511.935057446
0.1,0.39,0.6026986506746627,0.2447565690838791,0.1525447802414582,0.03815134852055512,0.236894706299568,0.7578108835092076,0.09555112758151921,0.04543373378980312,0.19519037510746692,0.8015445996585817,68216867.99789001,23152511.935057446
0.1,0.42,0.6026986506746627,0.2531997159315079,0.1441016333938294,0.03815134852055512,0.24102468212415856,0.7810754572335998,0.09816720138658407,0.04543373378980312,0.20218476521598389,0.8247820890062765,71968096.14267978,23152511.935057446
0.1,0.45,0.6026986506746627,0.2600015781582893,0.13729977116704806,0.03815134852055512,0.24509863429438544,0.8001149425287356,0.10052135735845605,0.04543373378980312,0.2082852975547935,0.8440732586926819,75242875.73316982,23152511.935057446
0.1,0.48,0.6026986506746627,0.2666614061390358,0.1306399431863016,0.03815134852055512,0.24868319820086407,0.8210920512201014,0.10272841142193258,0.04543373378980312,0.21469713743624896,0.863396967453643,78779657.57180771,23152511.935057446
0.1,0.51,0.6026986506746627,0.27267418922117886,0.12462716010415845,0.03815134852055512,0.2526334066442875,0.8400658477903001,0.10496141919665393,0.04543373378980312,0.22087136520881057,0.8811855362496804,82150934.90759474,23152511.935057446
0.1,0.54,0.6026986506746627,0.2782924327310029,0.11900891659433441,0.03815134852055512,0.2561528864693206,0.859567696591964,0.10701490398394956,0.04543373378980312,0.22701016734743343,0.898002962052369,85343514.12337168,23152511.935057446
0.1,0.57,0.6026986506746627,0.2836581709145427,0.1136431784107946,0.03815134852055512,0.25965283186825416,0.8793223163449521,0.10903781781924364,0.04543373378980312,0.23321828406756925,0.9141886113055224,88523711.89533772,23152511.935057446
0.1,0.6,0.6026986506746627,0.2880927957074095,0.10920855361792788,0.03815134852055512,0.2628321007943029,0.8960982658959538,0.11081583842678713,0.04543373378980312,0.23862578239373686,0.9275757182433366,91462793.7458159,23152511.935057446
0.1,0.63,0.6026986506746627,0.2924958573344906,0.10480549199084668,0.03815134852055512,0.26642926513434767,0.9126637554585153,0.11273887596079261,0.04543373378980312,0.24428377109713398,0.940729139335533,94456492.80155282,23152511.935057446
0.12,0.15,0.6475183460901128,0.04945948078592283,0.30302217312396434,0.04669753838654643,0.18921506062539886,0.5180459351075465,0.056810977266551946,0.04987598072251721,0.13405239047616255,0.5230727691514485,33104949.831592906,27297922.82008081
0.12,0.18,0.6475183460901128,0.08578868460506589,0.2666929693048213,0.04669753838654643,0.20088300220750552,0.5590863364696136,0.06473550553092584,0.04987598072251721,0.14686695637270805,0.5719434083310972,38408576.265189886,27297922.82008081
0.12,0.21,0.6475183460901128,0.11247534127673006,0.2400063126331571,0.04669753838654643,0.20822225340255368,0.5954760652288269,0.07060240463484022,0.04987598072251721,0.15818228156512495,0.6139055307413603,43091541.941998646,27297922.82008081
0.12,0.24,0.6475183460901128,0.13245482521896945,0.2200268286909177,0.04669753838654643,0.2173239604432265,0.6251613828718978,0.07567326953038059,0.04987598072251721,0.1682284308941863,0.649239650820137,47188023.798885435,27297922.82008081
0.12,0.27,0.6475183460901128,0.1500512901444015,0.20243036376548568,0.04669753838654643,0.22633571729070256,0.6539331098464177,0.08049388578891131,0.04987598072251721,0.1783567672832653,0.6835444210571426,51643287.099809326,27297922.82008081
0.12,0.3,0.6475183460901128,0.16621163102659198,0.1862700228832952,0.04669753838654643,0.2350930497531333,0.6832161314919936,0.08517900779643924,0.04987598072251721,0.188645760359604,0.7181922633332125,56346319.210990235,27297922.82008081
0.12,0.33,0.6475183460901128,0.1795786317367632,0.17290302217312398,0.04669753838654643,0.2414974953862378,0.7112084702446149,0.08899234864240875,0.04987598072251721,0.19801218510205185,0.7494030465455466,60543171.54211727,27297922.82008081
0.12,0.36,0.6475183460901128,0.190231200189379,0.16225045372050817,0.04669753838654643,0.24829931972789115,0.7340725610349188,0.09247607565368096,0.04987598072251721,0.2062097469139542,0.7759933997596004,64318796.44304125,27297922.82008081
0.12,0.39,0.6475183460901128,0.19993687366842894,0.1525447802414582,0.04669753838654643,0.2537690425447944,0.7578108835092076,0.09555112758151921,0.04987598072251721,0.21437448353693303,0.8015445996585817,68216867.99789001,27297922.82008081
0.12,0.42,0.6475183460901128,0.20838002051605775,0.1441016333938294,0.04669753838654643,0.25810360496819146,0.7810754572335998,0.09816720138658407,0.04987598072251721,0.22209596921485497,0.8247820890062765,71968096.14267978,27297922.82008081
0.12,0.45,0.6475183460901128,0.21518188274283911,0.13729977116704806,0.04669753838654643,0.2624862486248625,0.8001149425287356,0.10052135735845605,0.04987598072251721,0.22883777642852382,0.8440732586926819,75242875.73316982,27297922.82008081
0.12,0.48,0.6475183460901128,0.22184171072358558,0.1306399431863016,0.04669753838654643,0.2662730312299922,0.8210920512201014,0.10272841142193258,0.04987598072251721,0.23592803127609013,0.863396967453643,78779657.57180771,27297922.82008081
0.12,0.51,0.6475183460901128,0.22785449380572873,0.12462716010415845,0.04669753838654643,0.27053608533037815,0.8400658477903001,0.10496141919665393,0.04987598072251721,0.2427564934523846,0.8811855362496804,82150934.90759474,27297922.82008081
0.12,0.54,0.6475183460901128,0.23347273731555274,0.11900891659433441,0.04669753838654643,0.2743003920508314,0.859567696591964,0.10701490398394956,0.04987598072251721,0.24954712014278363,0.898002962052369,85343514.12337168,27297922.82008081
0.12,0.57,0.6475183460901128,0.23883847549909257,0.1136431784107946,0.04669753838654643,0.2780494251354566,0.8793223163449521,0.10903781781924364,0.04987598072251721,0.2564139184761589,0.9141886113055224,88523711.89533772,27297922.82008081
0.12,0.6,0.6475183460901128,0.24327310029195928,0.10920855361792788,0.04669753838654643,0.2814790788193318,0.8960982658959538,0.11081583842678713,0.04987598072251721,0.26239484021961507,0.9275757182433366,91462793.7458159,27297922.82008081
0.12,0.63,0.6475183460901128,0.2476761619190405,0.10480549199084668,0.04669753838654643,0.285395692621384,0.9126637554585153,0.11273887596079261,0.04987598072251721,0.2686541492227591,0.940729139335533,94456492.80155282,27297922.82008081
0.14,0.15,0.6825376785291565,0.014440148346879192,0.30302217312396434,0.05394344377904691,0.1923497267759563,0.5180459351075465,0.056810977266551946,0.053965836992153564,0.14487781062680344,0.5230727691514485,33104949.831592906,31288226.78206583
0.14,0.18,0.6825376785291565,0.050769352166022255,0.2666929693048213,0.05394344377904691,0.20982281628846752,0.5590863364696136,0.06473550553092584,0.053965836992153564,0.15878513516110432,0.5719434083310972,38408576.265189886,31288226.78206583
0.14,0.21,0.6825376785291565,0.07745600883768641,0.2400063126331571,0.05394344377904691,0.217400162999185,0.5954760652288269,0.07060240463484022,0.053965836992153564,0.17111005005824725,0.6139055307413603,43091541.941998646,31288226.78206583
0.14,0.24,0.6825376785291565,0.09743549277992583,0.2200268286909177,0.05394344377904691,0.22789115646258504,0.6251613828718978,0.07567326953038059,0.053965836992153564,0.18211600671625158,0.649239650820137,47188023.798885435,31288226.78206583
0.14,0.27,0.6825376785291565,0.11503195770535785,0.20243036376548568,0.05394344377904691,0.2380299080806695,0.6539331098464177,0.08049388578891131,0.053965836992153564,0.1932033404171379,0.6835444210571426,51643287.099809326,31288226.78206583
0.14,0.3,0.6825376785291565,0.13119229858754833,0.1862700228832952,0.05394344377904691,0.24768434981354506,0.6832161314919936,0.08517900779643924,0.053965836992153564,0.2044099787175004,0.7181922633332125,56346319.210990235,31288226.78206583
0.14,0.33,0.6825376785291565,0.14455929929771957,0.17290302217312398,0.05394344377904691,0.2544759825327511,0.7112084702446149,0.08899234864240875,0.053965836992153564,0.21458773572570736,0.7494030465455466,60543171.54211727,31288226.78206583
0.14,0.36,0.6825376785291565,0.15521186775033535,0.16225045372050817,0.05394344377904691,0.2619217081850534,0.7340725610349188,0.09247607565368096,0.053965836992153564,0.22349723378465033,0.7759933997596004,64318796.44304125,31288226.78206583
0.14,0.39,0.6825376785291565,0.16491754122938532,0.1525447802414582,0.05394344377904691,0.2677511961722488,0.7578108835092076,0.09555112758151921,0.053965836992153564,0.23237830975125706,0.8015445996585817,68216867.99789001,31288226.78206583
0.14,0.42,0.6825376785291565,0.17336068807701413,0.1441016333938294,0.05394344377904691,0.27228038233955393,0.7810754572335998,0.09816720138658407,0.053965836992153564,0.2407827202989692,0.8247820890062765,71968096.14267978,31288226.78206583
0.14,0.45,0.6825376785291565,0.18016255030379547,0.13729977116704806,0.05394344377904691,0.2769796776454099,0.8001149425287356,0.10052135735845605,0.053965836992153564,0.24812947499773597,0.8440732586926819,75242875.73316982,31288226.78206583
0.14,0.48,0.6825376785291565,0.18682237828454193,0.1306399431863016,0.05394344377904691,0.28095962155769555,0.8210920512201014,0.10272841142193258,0.053965836992153564,0.25586106948971366,0.863396967453643,78779657.57180771,31288226.78206583
0.14,0.51,0.6825376785291565,0.19283516136668508,0.12462716010415845,0.05394344377904691,0.2855389148048122,0.8400658477903001,0.10496141919665393,0.053965836992153564,0.2633080659167494,0.8811855362496804,82150934.90759474,31288226.78206583
0.14,0.54,0.6825376785291565,0.19845340487650912,0.11900891659433441,0.05394344377904691,0.2895427435387674,0.859567696591964,0.10701490398394956,0.053965836992153564,0.2707151570865664,0.898002962052369,85343514.12337168,31288226.78206583
0.14,0.57,0.6825376785291565,0.20381914306004892,0.1136431784107946,0.05394344377904691,0.2935346496322106,0.8793223163449521,0.10903781781924364,0.053965836992153564,0.278204510041767,0.9141886113055224,88523711.89533772,31288226.78206583
0.14,0.6,0.6825376785291565,0.20825376785291566,0.10920855361792788,0.05394344377904691,0.29721127614428616,0.8960982658959538,0.11081583842678713,0.053965836992153564,0.2847271496632766,0.9275757182433366,91462793.7458159,31288226.78206583
0.14,0.63,0.6825376785291565,0.21265682947999684,0.10480549199084668,0.05394344377904691,0.3014471243042672,0.9126637554585153,0.11273887596079261,0.053965836992153564,0.2915548217345612,0.940729139335533,94456492.80155282,31288226.78206583
0.16,0.18,0.709934506430995,0.023372524264183698,0.2666929693048213,0.05993108814049127,0.21066846725185687,0.5590863364696136,0.06473550553092584,0.057658149921447556,0.16949925028400017,0.5719434083310972,38408576.265189886,34829629.321457714
0.16,0.21,0.709934506430995,0.050059180935847866,0.2400063126331571,0.05993108814049127,0.22194199243379573,0.5954760652288269,0.07060240463484022,0.057658149921447556,0.18285773503884273,0.6139055307413603,43091541.941998646,34829629.321457714
0.16,0.24,0.709934506430995,0.07003866487808727,0.2200268286909177,0.05993108814049127,0.2352410995944119,0.6251613828718978,0.07567326953038059,0.057658149921447556,0.19481767357446345,0.649239650820137,47188023.798885435,34829629.321457714
0.16,0.27,0.709934506430995,0.0876351298035193,0.20243036376548568,0.05993108814049127,0.24707365388078517,0.6539331098464177,0.08049388578891131,0.057658149921447556,0.20682077402446428,0.6835444210571426,51643287.099809326,34829629.321457714
0.16,0.3,0.709934506430995,0.10379547068570978,0.1862700228832952,0.05993108814049127,0.25786832902539153,0.6832161314919936,0.08517900779643924,0.057658149921447556,0.21886525208087465,0.7181922633332125,56346319.210990235,34829629.321457714
0.16,0.33,0.709934506430995,0.11716247139588101,0.17290302217312398,0.05993108814049127,0.2650862068965517,0.7112084702446149,0.08899234864240875,0.057658149921447556,0.22977374314450583,0.7494030465455466,60543171.54211727,34829629.321457714
0.16,0.36,0.709934506430995,0.1278150398484968,0.16225045372050817,0.05993108814049127,0.273243610322262,0.7340725610349188,0.09247607565368096,0.057658149921447556,0.23932731252369024,0.7759933997596004,64318796.44304125,34829629.321457714
0.16,0.39,0.709934506430995,0.13752071332754676,0.1525447802414582,0.05993108814049127,0.2794353913243057,0.7578108835092076,0.09555112758151921,0.057658149921447556,0.2488604483311875,0.8015445996585817,68216867.99789001,34829629.321457714
0.16,0.42,0.709934506430995,0.14596386017517557,0.1441016333938294,0.05993108814049127,0.28413882581900746,0.7810754572335998,0.09816720138658407,0.057658149921447556,0.2578889385167595,0.8247820890062765,71968096.14267978,34829629.321457714
0.16,0.45,0.709934506430995,0.1527657224019569,0.13729977116704806,0.05993108814049127,0.28915289256198345,0.8001149425287356,0.10052135735845605,0.057658149921447556,0.26579160087102127,0.8440732586926819,75242875.73316982,34829629.321457714
0.16,0.48,0.709934506430995,0.1594255503827034,0.1306399431863016,0.05993108814049127,0.2933082557909325,0.8210920512201014,0.10272841142193258,0.057658149921447556,0.27411403192205125,0.863396967453643,78779657.57180771,34829629.321457714
0.16,0.51,0.709934506430995,0.16543833346484652,0.12462716010415845,0.05993108814049127,0.2981970809882667,0.8400658477903001,0.10496141919665393,0.057658149921447556,0.28213086590614256,0.8811855362496804,82150934.90759474,34829629.321457714
0.16,0.54,0.709934506430995,0.17105657697467055,0.11900891659433441,0.05993108814049127,0.30242642310176215,0.859567696591964,0.10701490398394956,0.057658149921447556,0.2901060716137009,0.898002962052369,85343514.12337168,34829629.321457714
0.16,0.57,0.709934506430995,0.17642231515821036,0.1136431784107946,0.05993108814049127,0.3066463905537168,0.8793223163449521,0.10903781781924364,0.057658149921447556,0.2981686963992086,0.9141886113055224,88523711.89533772,34829629.321457714
0.16,0.6,0.709934506430995,0.1808569399510771,0.10920855361792788,0.05993108814049127,0.3105584642233857,0.8960982658959538,0.11081583842678713,0.057658149921447556,0.3051898845387373,0.9275757182433366,91462793.7458159,34829629.321457714
0.16,0.63,0.709934506430995,0.18526000157815828,0.10480549199084668,0.05993108814049127,0.3151035011500128,0.9126637554585153,0.11273887596079261,0.057658149921447556,0.31254091768724285,0.940729139335533,94456492.80155282,34829629.321457714
0.18,0.21,0.7333070306951788,0.02668665667166417,0.2400063126331571,0.06473550553092584,0.2318154937906564,0.5954760652288269,0.07060240463484022,0.061222835274973575,0.19455727136168233,0.6139055307413603,43091541.941998646,38408576.265189886
0.18,0.24,0.7333070306951788,0.046666140613903576,0.2200268286909177,0.06473550553092584,0.24754819073385187,0.6251613828718978,0.07567326953038059,0.061222835274973575,0.20749829071791162,0.649239650820137,47188023.798885435,38408576.265189886
0.18,0.27,0.7333070306951788,0.06426260553933559,0.20243036376548568,0.06473550553092584,0.26031434184675833,0.6539331098464177,0.08049388578891131,0.061222835274973575,0.22039473685836095,0.6835444210571426,51643287.099809326,38408576.265189886
0.18,0.3,0.7333070306951788,0.08042294642152607,0.1862700228832952,0.06473550553092584,0.271585557299843,0.6832161314919936,0.08517900779643924,0.061222835274973575,0.23321200417294122,0.7181922633332125,56346319.210990235,38408576.265189886
0.18,0.33,0.7333070306951788,0.0937899471316973,0.17290302217312398,0.06473550553092584,0.2786471479050984,0.7112084702446149,0.08899234864240875,0.061222835274973575,0.24479419139057831,0.7494030465455466,60543171.54211727,38408576.265189886
0.18,0.36,0.7333070306951788,0.10444251558431311,0.16225045372050817,0.06473550553092584,0.2872469023874282,0.7340725610349188,0.09247607565368096,0.061222835274973575,0.2549536890992389,0.7759933997596004,64318796.44304125,38408576.265189886
0.18,0.39,0.7333070306951788,0.11414818906336306,0.1525447802414582,0.06473550553092584,0.2935158302225909,0.7578108835092076,0.09555112758151921,0.061222835274973575,0.26511012817466656,0.8015445996585817,68216867.99789001,38408576.265189886
0.18,0.42,0.7333070306951788,0.12259133591099187,0.1441016333938294,0.06473550553092584,0.2981462409886715,0.7810754572335998,0.09816720138658407,0.061222835274973575,0.2747407830420835,0.8247820890062765,71968096.14267978,38408576.265189886
0.18,0.45,0.7333070306951788,0.12939319813777322,0.13729977116704806,0.06473550553092584,0.30332967435053054,0.8001149425287356,0.10052135735845605,0.061222835274973575,0.28318505997815363,0.8440732586926819,75242875.73316982,38408576.265189886
0.18,0.48,0.7333070306951788,0.1360530261185197,0.1306399431863016,0.06473550553092584,0.30750492982252636,0.8210920512201014,0.10272841142193258,0.061222835274973575,0.2920857859651964,0.863396967453643,78779657.57180771,38408576.265189886
0.18,0.51,0.7333070306951788,0.14206580920066283,0.12462716010415845,0.06473550553092584,0.31259720062208396,0.8400658477903001,0.10496141919665393,0.061222835274973575,0.30066090620123176,0.8811855362496804,82150934.90759474,38408576.265189886
0.18,0.54,0.7333070306951788,0.14768405271048687,0.11900891659433441,0.06473550553092584,0.3169480658260312,0.859567696591964,0.10701490398394956,0.061222835274973575,0.3091933447905856,0.898002962052369,85343514.12337168,38408576.265189886
0.18,0.57,0.7333070306951788,0.15304979089402668,0.1136431784107946,0.06473550553092584,0.3213033615178387,0.8793223163449521,0.10903781781924364,0.061222835274973575,0.3178180519051504,0.9141886113055224,88523711.89533772,38408576.265189886
0.18,0.6,0.7333070306951788,0.1574844156868934,0.10920855361792788,0.06473550553092584,0.32538330494037476,0.8960982658959538,0.11081583842678713,0.061222835274973575,0.3253279574249249,0.9275757182433366,91462793.7458159,38408576.265189886
0.18,0.63,0.7333070306951788,0.1618874773139746,0.10480549199084668,0.06473550553092584,0.33018132189510624,0.9126637554585153,0.11273887596079261,0.061222835274973575,0.3331925758490875,0.940729139335533,94456492.80155282,38408576.265189886
0.2,0.21,0.751692574765249,0.00830111260159394,0.2400063126331571,0.0687577418068065,0.2376425855513308,0.5954760652288269,0.07060240463484022,0.06436655579449296,0.20519618006089888,0.6139055307413603,43091541.941998646,41529218.72357555
0.2,0.24,0.751692574765249,0.028280596543833348,0.2200268286909177,0.0687577418068065,0.25948660714285715,0.6251613828718978,0.07567326953038059,0.06436655579449296,0.2190342022836454,0.649239650820137,47188023.798885435,41529218.72357555
0.2,0.27,0.751692574765249,0.045877061469265366,0.20243036376548568,0.0687577418068065,0.27278981768145855,0.6539331098464177,0.08049388578891131,0.06436655579449296,0.2326743079899118,0.6835444210571426,51643287.099809326,41529218.72357555
0.2,0.3,0.751692574765249,0.06203740235145585,0.1862700228832952,0.0687577418068065,0.28415161536504707,0.6832161314919936,0.08517900779643924,0.06436655579449296,0.2460913808457737,0.7181922633332125,56346319.210990235,41529218.72357555
0.2,0.33,0.751692574765249,0.07540440306162709,0.17290302217312398,0.0687577418068065,0.2907074089577229,0.7112084702446149,0.08899234864240875,0.06436655579449296,0.25821446719833296,0.7494030465455466,60543171.54211727,41529218.72357555
0.2,0.36,0.751692574765249,0.08605697151424288,0.16225045372050817,0.0687577418068065,0.29965156794425085,0.7340725610349188,0.09247607565368096,0.06436655579449296,0.26888324945868164,0.7759933997596004,64318796.44304125,41529218.72357555
0.2,0.39,0.751692574765249,0.09576264499329283,0.1525447802414582,0.0687577418068065,0.3058668424522083,0.7578108835092076,0.09555112758151921,0.06436655579449296,0.27957785133928664,0.8015445996585817,68216867.99789001,41529218.72357555
0.2,0.42,0.751692574765249,0.10420579184092164,0.1441016333938294,0.0687577418068065,0.3103134938664244,0.7810754572335998,0.09816720138658407,0.06436655579449296,0.2897354607769699,0.8247820890062765,71968096.14267978,41529218.72357555
0.2,0.45,0.751692574765249,0.111007654067703,0.13729977116704806,0.0687577418068065,0.31560989479670176,0.8001149425287356,0.10052135735845605,0.06436655579449296,0.2986595324993332,0.8440732586926819,75242875.73316982,41529218.72357555
0.2,0.48,0.751692574765249,0.11766748204844946,0.1306399431863016,0.0687577418068065,0.3197424892703863,0.8210920512201014,0.10272841142193258,0.06436655579449296,0.3080751617013662,0.863396967453643,78779657.57180771,41529218.72357555
0.2,0.51,0.751692574765249,0.1236802651305926,0.12462716010415845,0.0687577418068065,0.324996810003828,0.8400658477903001,0.10496141919665393,0.06436655579449296,0.3171476741690591,0.8811855362496804,82150934.90759474,41529218.72357555
0.2,0.54,0.751692574765249,0.12929850864041664,0.11900891659433441,0.0687577418068065,0.32942756011229096,0.859567696591964,0.10701490398394956,0.06436655579449296,0.32617700053579013,0.898002962052369,85343514.12337168,41529218.72357555
0.2,0.57,0.751692574765249,0.13466424682395645,0.1136431784107946,0.0687577418068065,0.3338802296964725,0.8793223163449521,0.10903781781924364,0.06436655579449296,0.33530250934203404,0.9141886113055224,88523711.89533772,41529218.72357555
0.2,0.6,0.751692574765249,0.13909887161682316,0.10920855361792788,0.0687577418068065,0.33809847969140006,0.8960982658959538,0.11081583842678713,0.06436655579449296,0.3432476210554519,0.9275757182433366,91462793.7458159,41529218.72357555
0.2,0.63,0.751692574765249,0.14350193324390437,0.10480549199084668,0.0687577418068065,0.34312108215110526,0.9126637554585153,0.11273887596079261,0.06436655579449296,0.3515700305619013,0.940729139335533,94456492.80155282,41529218.72357555
0.22,0.24,0.7667797680107314,0.013193403298350824,0.2200268286909177,0.07246794410027374,0.2619617224880383,0.6251613828718978,0.07567326953038059,0.06722450566101934,0.22980341266488033,0.649239650820137,47188023.798885435,44432722.26313435
0.22,0.27,0.7667797680107314,0.030789868223782844,0.20243036376548568,0.07246794410027374,0.2803690415171707,0.6539331098464177,0.08049388578891131,0.06722450566101934,0.24397261702830395,0.6835444210571426,51643287.099809326,44432722.26313435
0.22,0.3,0.7667797680107314,0.04695020910597333,0.1862700228832952,0.07246794410027374,0.2927731092436975,0.6832161314919936,0.08517900779643924,0.06722450566101934,0.2578122960000954,0.7181922633332125,56346319.210990235,44432722.26313435
0.22,0.33,0.7667797680107314,0.06031720981614456,0.17290302217312398,0.07246794410027374,0.2990580847723705,0.7112084702446149,0.08899234864240875,0.06722450566101934,0.2703702477156416,0.7494030465455466,60543171.54211727,44432722.26313435
0.22,0.36,0.7667797680107314,0.07096977826876036,0.16225045372050817,0.07246794410027374,0.30865021125194575,0.7340725610349188,0.09247607565368096,0.06722450566101934,0.2814824820533107,0.7759933997596004,64318796.44304125,44432722.26313435
0.22,0.39,0.7667797680107314,0.08067545174781031,0.1525447802414582,0.07246794410027374,0.3149452269170579,0.7578108835092076,0.09555112758151921,0.06722450566101934,0.29266133889325874,0.8015445996585817,68216867.99789001,44432722.26313435
0.22,0.42,0.7667797680107314,0.08911859859543912,0.1441016333938294,0.07246794410027374,0.31928457588099873,0.7810754572335998,0.09816720138658407,0.06722450566101934,0.30329902780341417,0.8247820890062765,71968096.14267978,44432722.26313435
0.22,0.45,0.7667797680107314,0.09592046082222047,0.13729977116704806,0.07246794410027374,0.32477788746298125,0.8001149425287356,0.10052135735845605,0.06722450566101934,0.31266494144387247,0.8440732586926819,75242875.73316982,44432722.26313435
0.22,0.48,0.7667797680107314,0.10258028880296693,0.1306399431863016,0.07246794410027374,0.32892307692307693,0.8210920512201014,0.10272841142193258,0.06722450566101934,0.3225561181755282,0.863396967453643,78779657.57180771,44432722.26313435
0.22,0.51,0.7667797680107314,0.10859307188511008,0.12462716010415845,0.07246794410027374,0.3343990699026304,0.8400658477903001,0.10496141919665393,0.06722450566101934,0.33208729617184474,0.8811855362496804,82150934.90759474,44432722.26313435
0.22,0.54,0.7667797680107314,0.11421131539493411,0.11900891659433441,0.07246794410027374,0.3389526046704436,0.859567696591964,0.10701490398394956,0.06722450566101934,0.3415744822281713,0.898002962052369,85343514.12337168,44432722.26313435
0.22,0.57,0.7667797680107314,0.11957705357847392,0.1136431784107946,0.07246794410027374,0.3435396594958427,0.8793223163449521,0.10903781781924364,0.06722450566101934,0.3511604427492575,0.9141886113055224,88523711.89533772,44432722.26313435
0.22,0.6,0.7667797680107314,0.12401167837134064,0.10920855361792788,0.07246794410027374,0.347925680834818,0.8960982658959538,0.11081583842678713,0.06722450566101934,0.35950507692521,0.9275757182433366,91462793.7458159,44432722.26313435
0.22,0.63,0.7667797680107314,0.12841473999842185,0.10480549199084668,0.07246794410027374,0.3532014255868256,0.9126637554585153,0.11273887596079261,0.06722450566101934,0.36824783708921166,0.940729139335533,94456492.80155282,44432722.26313435
0.24,0.27,0.7799731713090823,0.017596464925432022,0.20243036376548568,0.07567326953038059,0.29417040358744395,0.6539331098464177,0.08049388578891131,0.06997456062035462,0.2545963433492207,0.6835444210571426,51643287.099809326,47188023.798885435
0.24,0.3,0.7799731713090823,0.033756805807622504,0.1862700228832952,0.07567326953038059,0.30481533426834967,0.6832161314919936,0.08517900779643924,0.06997456062035462,0.2687591994448078,0.7181922633332125,56346319.210990235,47188023.798885435
0.24,0.33,0.7799731713090823,0.047123806517793736,0.17290302217312398,0.07567326953038059,0.30944407233757537,0.7112084702446149,0.08899234864240875,0.06997456062035462,0.28172787467560023,0.7494030465455466,60543171.54211727,47188023.798885435
0.24,0.36,0.7799731713090823,0.05777637497040953,0.16225045372050817,0.07567326953038059,0.3193116634799235,0.7340725610349188,0.09247607565368096,0.06997456062035462,0.29328354788470323,0.7759933997596004,64318796.44304125,47188023.798885435
0.24,0.39,0.7799731713090823,0.06748204844945949,0.1525447802414582,0.07567326953038059,0.3253040224508887,0.7578108835092076,0.09555112758151921,0.06997456062035462,0.30495068087803995,0.8015445996585817,68216867.99789001,47188023.798885435
0.24,0.42,0.7799731713090823,0.0759251952970883,0.1441016333938294,0.07567326953038059,0.32924547911037205,0.7810754572335998,0.09816720138658407,0.06997456062035462,0.316070246730002,0.8247820890062765,71968096.14267978,47188023.798885435
0.24,0.45,0.7799731713090823,0.08272705752386965,0.13729977116704806,0.07567326953038059,0.33479587943533,0.8001149425287356,0.10052135735845605,0.06997456062035462,0.3258797903678018,0.8440732586926819,75242875.73316982,47188023.798885435
0.24,0.48,0.7799731713090823,0.08938688550461611,0.1306399431863016,0.07567326953038059,0.3388064971751412,0.8210920512201014,0.10272841142193258,0.06997456062035462,0.3362463127035829,0.863396967453643,78779657.57180771,47188023.798885435
0.24,0.51,0.7799731713090823,0.09539966858675925,0.12462716010415845,0.07567326953038059,0.3444168734491315,0.8400658477903001,0.10496141919665393,0.06997456062035462,0.34623275963120326,0.8811855362496804,82150934.90759474,47188023.798885435
0.24,0.54,0.7799731713090823,0.10101791209658328,0.11900891659433441,0.07567326953038059,0.34900796750507734,0.859567696591964,0.10701490398394956,0.06997456062035462,0.3561722972812741,0.898002962052369,85343514.12337168,47188023.798885435
0.24,0.57,0.7799731713090823,0.1063836502801231,0.1136431784107946,0.07567326953038059,0.3536567274885032,0.8793223163449521,0.10903781781924364,0.06997456062035462,0.3662108028071924,0.9141886113055224,88523711.89533772,47188023.798885435
0.24,0.6,0.7799731713090823,0.11081827507298982,0.10920855361792788,0.07567326953038059,0.3581600683565936,0.8960982658959538,0.11081583842678713,0.06997456062035462,0.3749466308018315,0.9275757182433366,91462793.7458159,47188023.798885435
0.24,0.63,0.7799731713090823,0.11522133670007102,0.10480549199084668,0.07567326953038059,0.3636488152307903,0.9126637554585153,0.11273887596079261,0.06997456062035462,0.3841003968507157,0.940729139335533,94456492.80155282,47188023.798885435
